vaccin,jour,n_dose1,n_dose2,n_cum_dose1,n_cum_dose2,nom_vaccin,dose1_glissant,dose2_glissant,doses_1_2_glissant,doses_1_2
1,2020-12-27,20,0,20,0,Pfizer/BioNTech,NA,NA,NA,20
2,2020-12-27,0,0,0,0,Moderna,NA,NA,NA,0
3,2020-12-27,0,0,0,0,AstraZeneca,NA,NA,NA,0
4,2020-12-27,0,0,0,0,Janssen,NA,NA,NA,0
0,2020-12-27,20,0,20,0,Tous vaccins,NA,NA,NA,20
1,2020-12-28,69,0,89,0,Pfizer/BioNTech,NA,NA,NA,69
2,2020-12-28,0,0,0,0,Moderna,NA,NA,NA,0
3,2020-12-28,0,0,0,0,AstraZeneca,NA,NA,NA,0
4,2020-12-28,0,0,0,0,Janssen,NA,NA,NA,0
0,2020-12-28,69,0,89,0,Tous vaccins,NA,NA,NA,69
1,2020-12-29,108,0,197,0,Pfizer/BioNTech,NA,NA,NA,108
2,2020-12-29,0,0,0,0,Moderna,NA,NA,NA,0
3,2020-12-29,0,0,0,0,AstraZeneca,NA,NA,NA,0
4,2020-12-29,0,0,0,0,Janssen,NA,NA,NA,0
0,2020-12-29,108,0,197,0,Tous vaccins,NA,NA,NA,108
1,2020-12-30,120,0,317,0,Pfizer/BioNTech,NA,NA,NA,120
2,2020-12-30,0,0,0,0,Moderna,NA,NA,NA,0
3,2020-12-30,0,0,0,0,AstraZeneca,NA,NA,NA,0
4,2020-12-30,0,0,0,0,Janssen,NA,NA,NA,0
0,2020-12-30,120,0,317,0,Tous vaccins,NA,NA,NA,120
1,2020-12-31,83,0,400,0,Pfizer/BioNTech,NA,NA,NA,83
2,2020-12-31,0,0,0,0,Moderna,NA,NA,NA,0
3,2020-12-31,0,0,0,0,AstraZeneca,NA,NA,NA,0
4,2020-12-31,0,0,0,0,Janssen,NA,NA,NA,0
0,2020-12-31,83,0,400,0,Tous vaccins,NA,NA,NA,83
1,2021-01-01,66,0,466,0,Pfizer/BioNTech,NA,NA,NA,66
2,2021-01-01,0,0,0,0,Moderna,NA,NA,NA,0
3,2021-01-01,0,0,0,0,AstraZeneca,NA,NA,NA,0
4,2021-01-01,0,0,0,0,Janssen,NA,NA,NA,0
0,2021-01-01,66,0,466,0,Tous vaccins,NA,NA,NA,66
1,2021-01-02,76,0,542,0,Pfizer/BioNTech,77,0,77,76
2,2021-01-02,0,0,0,0,Moderna,0,0,0,0
3,2021-01-02,0,0,0,0,AstraZeneca,0,0,0,0
4,2021-01-02,0,0,0,0,Janssen,0,0,0,0
0,2021-01-02,76,0,542,0,Tous vaccins,77,0,77,76
1,2021-01-03,89,0,631,0,Pfizer/BioNTech,87,0,87,89
2,2021-01-03,0,0,0,0,Moderna,0,0,0,0
3,2021-01-03,0,0,0,0,AstraZeneca,0,0,0,0
4,2021-01-03,0,0,0,0,Janssen,0,0,0,0
0,2021-01-03,89,0,631,0,Tous vaccins,87,0,87,89
1,2021-01-04,1472,0,2103,0,Pfizer/BioNTech,288,0,288,1472
2,2021-01-04,0,0,0,0,Moderna,0,0,0,0
3,2021-01-04,0,0,0,0,AstraZeneca,0,0,0,0
4,2021-01-04,0,0,0,0,Janssen,0,0,0,0
0,2021-01-04,1472,0,2103,0,Tous vaccins,288,0,288,1472
1,2021-01-05,5384,0,7487,0,Pfizer/BioNTech,1041,0,1041,5384
2,2021-01-05,0,0,0,0,Moderna,0,0,0,0
3,2021-01-05,0,0,0,0,AstraZeneca,0,0,0,0
4,2021-01-05,0,0,0,0,Janssen,0,0,0,0
0,2021-01-05,5384,0,7487,0,Tous vaccins,1041,0,1041,5384
1,2021-01-06,11289,0,18776,0,Pfizer/BioNTech,2637,0,2637,11289
2,2021-01-06,0,0,0,0,Moderna,0,0,0,0
3,2021-01-06,0,0,0,0,AstraZeneca,0,0,0,0
4,2021-01-06,0,0,0,0,Janssen,0,0,0,0
0,2021-01-06,11289,0,18776,0,Tous vaccins,2637,0,2637,11289
1,2021-01-07,28541,0,47317,0,Pfizer/BioNTech,6702,0,6702,28541
2,2021-01-07,0,0,0,0,Moderna,0,0,0,0
3,2021-01-07,0,0,0,0,AstraZeneca,0,0,0,0
4,2021-01-07,0,0,0,0,Janssen,0,0,0,0
0,2021-01-07,28541,0,47317,0,Tous vaccins,6702,0,6702,28541
1,2021-01-08,36146,0,83463,0,Pfizer/BioNTech,11857,0,11857,36146
2,2021-01-08,0,0,0,0,Moderna,0,0,0,0
3,2021-01-08,0,0,0,0,AstraZeneca,0,0,0,0
4,2021-01-08,0,0,0,0,Janssen,0,0,0,0
0,2021-01-08,36146,0,83463,0,Tous vaccins,11857,0,11857,36146
1,2021-01-09,10900,0,94363,0,Pfizer/BioNTech,13403,0,13403,10900
2,2021-01-09,0,0,0,0,Moderna,0,0,0,0
3,2021-01-09,0,0,0,0,AstraZeneca,0,0,0,0
4,2021-01-09,0,0,0,0,Janssen,0,0,0,0
0,2021-01-09,10900,0,94363,0,Tous vaccins,13403,0,13403,10900
1,2021-01-10,5606,0,99969,0,Pfizer/BioNTech,14191,0,14191,5606
2,2021-01-10,0,0,0,0,Moderna,0,0,0,0
3,2021-01-10,0,0,0,0,AstraZeneca,0,0,0,0
4,2021-01-10,0,0,0,0,Janssen,0,0,0,0
0,2021-01-10,5606,0,99969,0,Tous vaccins,14191,0,14191,5606
1,2021-01-11,38921,0,138890,0,Pfizer/BioNTech,19541,0,19541,38921
2,2021-01-11,0,0,0,0,Moderna,0,0,0,0
3,2021-01-11,0,0,0,0,AstraZeneca,0,0,0,0
4,2021-01-11,0,0,0,0,Janssen,0,0,0,0
0,2021-01-11,38921,0,138890,0,Tous vaccins,19541,0,19541,38921
1,2021-01-12,60764,0,199654,0,Pfizer/BioNTech,27452,0,27452,60764
2,2021-01-12,0,0,0,0,Moderna,0,0,0,0
3,2021-01-12,0,0,0,0,AstraZeneca,0,0,0,0
4,2021-01-12,0,0,0,0,Janssen,0,0,0,0
0,2021-01-12,60764,0,199654,0,Tous vaccins,27452,0,27452,60764
1,2021-01-13,63662,0,263316,0,Pfizer/BioNTech,34934,0,34934,63662
2,2021-01-13,0,0,0,0,Moderna,0,0,0,0
3,2021-01-13,0,0,0,0,AstraZeneca,0,0,0,0
4,2021-01-13,0,0,0,0,Janssen,0,0,0,0
0,2021-01-13,63662,0,263316,0,Tous vaccins,34934,0,34934,63662
1,2021-01-14,79637,0,342953,0,Pfizer/BioNTech,42234,0,42234,79637
2,2021-01-14,143,0,143,0,Moderna,20,0,20,143
3,2021-01-14,0,0,0,0,AstraZeneca,0,0,0,0
4,2021-01-14,0,0,0,0,Janssen,0,0,0,0
0,2021-01-14,79780,0,343096,0,Tous vaccins,42254,0,42254,79780
1,2021-01-15,67114,0,410067,0,Pfizer/BioNTech,46658,0,46658,67114
2,2021-01-15,217,0,360,0,Moderna,51,0,51,217
3,2021-01-15,0,0,0,0,AstraZeneca,0,0,0,0
4,2021-01-15,0,0,0,0,Janssen,0,0,0,0
0,2021-01-15,67331,0,410427,0,Tous vaccins,46709,0,46709,67331
1,2021-01-16,19417,78,429484,78,Pfizer/BioNTech,47874,11,47885,19495
2,2021-01-16,185,0,545,0,Moderna,78,0,78,185
3,2021-01-16,0,0,0,0,AstraZeneca,0,0,0,0
4,2021-01-16,0,0,0,0,Janssen,0,0,0,0
0,2021-01-16,19602,78,430029,78,Tous vaccins,47952,11,47963,19680
1,2021-01-17,10459,42,439943,120,Pfizer/BioNTech,48568,17,48585,10501
2,2021-01-17,3,0,548,0,Moderna,78,0,78,3
3,2021-01-17,0,0,0,0,AstraZeneca,0,0,0,0
4,2021-01-17,0,0,0,0,Janssen,0,0,0,0
0,2021-01-17,10462,42,440491,120,Tous vaccins,48646,17,48663,10504
1,2021-01-18,81386,163,521329,283,Pfizer/BioNTech,54634,40,54674,81549
2,2021-01-18,2902,0,3450,0,Moderna,493,0,493,2902
3,2021-01-18,0,0,0,0,AstraZeneca,0,0,0,0
4,2021-01-18,0,0,0,0,Janssen,0,0,0,0
0,2021-01-18,84288,163,524779,283,Tous vaccins,55127,40,55167,84451
1,2021-01-19,123829,127,645158,410,Pfizer/BioNTech,63643,59,63702,123956
2,2021-01-19,4491,0,7941,0,Moderna,1134,0,1134,4491
3,2021-01-19,0,0,0,0,AstraZeneca,0,0,0,0
4,2021-01-19,0,0,0,0,Janssen,0,0,0,0
0,2021-01-19,128320,127,653099,410,Tous vaccins,64778,59,64837,128447
1,2021-01-20,129968,159,775126,569,Pfizer/BioNTech,73116,81,73197,130127
2,2021-01-20,4921,0,12862,0,Moderna,1837,0,1837,4921
3,2021-01-20,0,0,0,0,AstraZeneca,0,0,0,0
4,2021-01-20,0,0,0,0,Janssen,0,0,0,0
0,2021-01-20,134889,159,787988,569,Tous vaccins,74953,81,75034,135048
1,2021-01-21,149983,135,925109,704,Pfizer/BioNTech,83165,101,83266,150118
2,2021-01-21,5094,0,17956,0,Moderna,2545,0,2545,5094
3,2021-01-21,0,0,0,0,AstraZeneca,0,0,0,0
4,2021-01-21,0,0,0,0,Janssen,0,0,0,0
0,2021-01-21,155077,135,943065,704,Tous vaccins,85710,101,85811,155212
1,2021-01-22,113503,162,1038612,866,Pfizer/BioNTech,89792,124,89916,113665
2,2021-01-22,4859,0,22815,0,Moderna,3208,0,3208,4859
3,2021-01-22,0,0,0,0,AstraZeneca,0,0,0,0
4,2021-01-22,0,0,0,0,Janssen,0,0,0,0
0,2021-01-22,118362,162,1061427,866,Tous vaccins,93000,124,93124,118524
1,2021-01-23,36036,50,1074648,916,Pfizer/BioNTech,92166,120,92286,36086
2,2021-01-23,1728,0,24543,0,Moderna,3428,0,3428,1728
3,2021-01-23,0,0,0,0,AstraZeneca,0,0,0,0
4,2021-01-23,0,0,0,0,Janssen,0,0,0,0
0,2021-01-23,37764,50,1099191,916,Tous vaccins,95595,120,95715,37814
1,2021-01-24,9253,27,1083901,943,Pfizer/BioNTech,91994,118,92112,9280
2,2021-01-24,97,0,24640,0,Moderna,3442,0,3442,97
3,2021-01-24,0,0,0,0,AstraZeneca,0,0,0,0
4,2021-01-24,0,0,0,0,Janssen,0,0,0,0
0,2021-01-24,9350,27,1108541,943,Tous vaccins,95436,118,95554,9377
1,2021-01-25,73095,1218,1156996,2161,Pfizer/BioNTech,90810,268,91078,74313
2,2021-01-25,3634,0,28274,0,Moderna,3546,0,3546,3634
3,2021-01-25,0,0,0,0,AstraZeneca,0,0,0,0
4,2021-01-25,0,0,0,0,Janssen,0,0,0,0
0,2021-01-25,76729,1218,1185270,2161,Tous vaccins,94356,268,94624,77947
1,2021-01-26,94961,3110,1251957,5271,Pfizer/BioNTech,86686,694,87380,98071
2,2021-01-26,3711,0,31985,0,Moderna,3435,0,3435,3711
3,2021-01-26,0,0,0,0,AstraZeneca,0,0,0,0
4,2021-01-26,0,0,0,0,Janssen,0,0,0,0
0,2021-01-26,98672,3110,1283942,5271,Tous vaccins,90120,694,90814,101782
1,2021-01-27,102133,5600,1354090,10871,Pfizer/BioNTech,82709,1472,84181,107733
2,2021-01-27,3421,0,35406,0,Moderna,3221,0,3221,3421
3,2021-01-27,0,0,0,0,AstraZeneca,0,0,0,0
4,2021-01-27,0,0,0,0,Janssen,0,0,0,0
0,2021-01-27,105554,5600,1389496,10871,Tous vaccins,85930,1472,87402,111154
1,2021-01-28,118710,14361,1472800,25232,Pfizer/BioNTech,78242,3504,81746,133071
2,2021-01-28,3483,0,38889,0,Moderna,2990,0,2990,3483
3,2021-01-28,0,0,0,0,AstraZeneca,0,0,0,0
4,2021-01-28,0,0,0,0,Janssen,0,0,0,0
0,2021-01-28,122193,14361,1511689,25232,Tous vaccins,81232,3504,84736,136554
1,2021-01-29,87738,17294,1560538,42526,Pfizer/BioNTech,74561,5951,80512,105032
2,2021-01-29,3072,0,41961,0,Moderna,2735,0,2735,3072
3,2021-01-29,0,0,0,0,AstraZeneca,0,0,0,0
4,2021-01-29,0,0,0,0,Janssen,0,0,0,0
0,2021-01-29,90810,17294,1602499,42526,Tous vaccins,77296,5951,83247,108104
1,2021-01-30,27571,4225,1588109,46751,Pfizer/BioNTech,73352,6548,79900,31796
2,2021-01-30,1056,0,43017,0,Moderna,2639,0,2639,1056
3,2021-01-30,0,0,0,0,AstraZeneca,0,0,0,0
4,2021-01-30,0,0,0,0,Janssen,0,0,0,0
0,2021-01-30,28627,4225,1631126,46751,Tous vaccins,75991,6548,82539,32852
1,2021-01-31,4863,1681,1592972,48432,Pfizer/BioNTech,72724,6784,79508,6544
2,2021-01-31,0,0,43017,0,Moderna,2625,0,2625,0
3,2021-01-31,0,0,0,0,AstraZeneca,0,0,0,0
4,2021-01-31,0,0,0,0,Janssen,0,0,0,0
0,2021-01-31,4863,1681,1635989,48432,Tous vaccins,75350,6784,82134,6544
1,2021-02-01,48256,21134,1641228,69566,Pfizer/BioNTech,69176,9629,78805,69390
2,2021-02-01,3248,0,46265,0,Moderna,2570,0,2570,3248
3,2021-02-01,0,0,0,0,AstraZeneca,0,0,0,0
4,2021-02-01,0,0,0,0,Janssen,0,0,0,0
0,2021-02-01,51504,21134,1687493,69566,Tous vaccins,71746,9629,81375,72638
1,2021-02-02,66242,34586,1707470,104152,Pfizer/BioNTech,65073,14126,79199,100828
2,2021-02-02,4303,0,50568,0,Moderna,2655,0,2655,4303
3,2021-02-02,0,0,0,0,AstraZeneca,0,0,0,0
4,2021-02-02,0,0,0,0,Janssen,0,0,0,0
0,2021-02-02,70545,34586,1758038,104152,Tous vaccins,67728,14126,81854,105131
1,2021-02-03,65856,36984,1773326,141136,Pfizer/BioNTech,59891,18609,78500,102840
2,2021-02-03,5030,0,55598,0,Moderna,2885,0,2885,5030
3,2021-02-03,0,0,0,0,AstraZeneca,0,0,0,0
4,2021-02-03,0,0,0,0,Janssen,0,0,0,0
0,2021-02-03,70886,36984,1828924,141136,Tous vaccins,62775,18609,81384,107870
1,2021-02-04,75711,50079,1849037,191215,Pfizer/BioNTech,53748,23712,77460,125790
2,2021-02-04,4729,3,60327,3,Moderna,3063,0,3063,4732
3,2021-02-04,0,0,0,0,AstraZeneca,0,0,0,0
4,2021-02-04,0,0,0,0,Janssen,0,0,0,0
0,2021-02-04,80440,50082,1909364,191218,Tous vaccins,56811,23712,80523,130522
1,2021-02-05,62406,45342,1911443,236557,Pfizer/BioNTech,50129,27719,77848,107748
2,2021-02-05,4607,6,64934,9,Moderna,3282,1,3283,4613
3,2021-02-05,0,0,0,0,AstraZeneca,0,0,0,0
4,2021-02-05,0,0,0,0,Janssen,0,0,0,0
0,2021-02-05,67013,45348,1976377,236566,Tous vaccins,53411,27720,81131,112361
1,2021-02-06,19037,10398,1930480,246955,Pfizer/BioNTech,48910,28601,77511,29435
2,2021-02-06,1929,3,66863,12,Moderna,3407,2,3409,1932
3,2021-02-06,307,0,307,0,AstraZeneca,44,0,44,307
4,2021-02-06,0,0,0,0,Janssen,0,0,0,0
0,2021-02-06,21273,10401,1997650,246967,Tous vaccins,52361,28602,80963,31674
1,2021-02-07,3434,5046,1933914,252001,Pfizer/BioNTech,48706,29081,77787,8480
2,2021-02-07,42,0,66905,12,Moderna,3413,2,3415,42
3,2021-02-07,1348,0,1655,0,AstraZeneca,236,0,236,1348
4,2021-02-07,0,0,0,0,Janssen,0,0,0,0
0,2021-02-07,4824,5046,2002474,252013,Tous vaccins,52355,29083,81438,9870
1,2021-02-08,35753,45989,1969667,297990,Pfizer/BioNTech,46920,32632,79552,81742
2,2021-02-08,7417,8,74322,20,Moderna,4008,3,4011,7425
3,2021-02-08,2629,0,4284,0,AstraZeneca,612,0,612,2629
4,2021-02-08,0,0,0,0,Janssen,0,0,0,0
0,2021-02-08,45799,45997,2048273,298010,Tous vaccins,51540,32635,84175,91796
1,2021-02-09,49804,72406,2019471,370396,Pfizer/BioNTech,44572,38035,82607,122210
2,2021-02-09,8251,15,82573,35,Moderna,4572,5,4577,8266
3,2021-02-09,6624,0,10908,0,AstraZeneca,1558,0,1558,6624
4,2021-02-09,0,0,0,0,Janssen,0,0,0,0
0,2021-02-09,64679,72421,2112952,370431,Tous vaccins,50702,38040,88742,137100
1,2021-02-10,50821,76662,2070292,447058,Pfizer/BioNTech,42424,43703,86127,127483
2,2021-02-10,9136,49,91709,84,Moderna,5159,12,5171,9185
3,2021-02-10,9210,0,20118,0,AstraZeneca,2874,0,2874,9210
4,2021-02-10,0,0,0,0,Janssen,0,0,0,0
0,2021-02-10,69167,76711,2182119,447142,Tous vaccins,50456,43715,94171,145878
1,2021-02-11,62121,99107,2132413,546165,Pfizer/BioNTech,40482,50707,91189,161228
2,2021-02-11,10049,67,101758,151,Moderna,5919,21,5940,10116
3,2021-02-11,13321,0,33439,0,AstraZeneca,4777,0,4777,13321
4,2021-02-11,0,0,0,0,Janssen,0,0,0,0
0,2021-02-11,85491,99174,2267610,546316,Tous vaccins,51178,50728,101906,184665
1,2021-02-12,54805,74060,2187218,620225,Pfizer/BioNTech,39396,54810,94206,128865
2,2021-02-12,9800,238,111558,389,Moderna,6661,54,6715,10038
3,2021-02-12,13023,0,46462,0,AstraZeneca,6637,0,6637,13023
4,2021-02-12,0,0,0,0,Janssen,0,0,0,0
0,2021-02-12,77628,74298,2345238,620614,Tous vaccins,52694,54864,107558,151926
1,2021-02-13,15129,19274,2202347,639499,Pfizer/BioNTech,38838,56078,94916,34403
2,2021-02-13,3012,222,114570,611,Moderna,6815,86,6901,3234
3,2021-02-13,3499,0,49961,0,AstraZeneca,7093,0,7093,3499
4,2021-02-13,0,0,0,0,Janssen,0,0,0,0
0,2021-02-13,21640,19496,2366878,640110,Tous vaccins,52747,56163,108910,41136
1,2021-02-14,3420,7193,2205767,646692,Pfizer/BioNTech,38836,56384,95220,10613
2,2021-02-14,296,0,114866,611,Moderna,6852,86,6938,296
3,2021-02-14,862,0,50823,0,AstraZeneca,7024,0,7024,862
4,2021-02-14,0,0,0,0,Janssen,0,0,0,0
0,2021-02-14,4578,7193,2371456,647303,Tous vaccins,52712,56470,109182,11771
1,2021-02-15,23555,73445,2229322,720137,Pfizer/BioNTech,37094,60307,97401,97000
2,2021-02-15,3357,3067,118223,3678,Moderna,6272,523,6795,6424
3,2021-02-15,10099,0,60922,0,AstraZeneca,8091,0,8091,10099
4,2021-02-15,0,0,0,0,Janssen,0,0,0,0
0,2021-02-15,37011,76512,2408467,723815,Tous vaccins,51456,60829,112285,113523
1,2021-02-16,32104,96887,2261426,817024,Pfizer/BioNTech,34565,63804,98369,128991
2,2021-02-16,4899,3881,123122,7559,Moderna,5793,1075,6868,8780
3,2021-02-16,12150,0,73072,0,AstraZeneca,8881,0,8881,12150
4,2021-02-16,0,0,0,0,Janssen,0,0,0,0
0,2021-02-16,49153,100768,2457620,824583,Tous vaccins,49238,64879,114117,149921
1,2021-02-17,34368,98586,2295794,915610,Pfizer/BioNTech,32215,66936,99151,132954
2,2021-02-17,4101,4403,127223,11962,Moderna,5073,1697,6770,8504
3,2021-02-17,10808,0,83880,0,AstraZeneca,9109,0,9109,10808
4,2021-02-17,0,0,0,0,Janssen,0,0,0,0
0,2021-02-17,49277,102989,2506897,927572,Tous vaccins,46397,68633,115030,152266
1,2021-02-18,48051,113505,2343845,1029115,Pfizer/BioNTech,30205,68993,99198,161556
2,2021-02-18,5228,5105,132451,17067,Moderna,4385,2417,6802,10333
3,2021-02-18,14525,0,98405,0,AstraZeneca,9281,0,9281,14525
4,2021-02-18,0,0,0,0,Janssen,0,0,0,0
0,2021-02-18,67804,118610,2574701,1046182,Tous vaccins,43870,71409,115279,186414
1,2021-02-19,44400,86437,2388245,1115552,Pfizer/BioNTech,28718,70761,99479,130837
2,2021-02-19,5147,4329,137598,21396,Moderna,3720,3001,6721,9476
3,2021-02-19,14075,0,112480,0,AstraZeneca,9431,0,9431,14075
4,2021-02-19,0,0,0,0,Janssen,0,0,0,0
0,2021-02-19,63622,90766,2638323,1136948,Tous vaccins,41869,73762,115631,154388
1,2021-02-20,13017,26923,2401262,1142475,Pfizer/BioNTech,28416,71854,100270,39940
2,2021-02-20,1763,1509,139361,22905,Moderna,3542,3185,6727,3272
3,2021-02-20,3172,0,115652,0,AstraZeneca,9384,0,9384,3172
4,2021-02-20,0,0,0,0,Janssen,0,0,0,0
0,2021-02-20,17952,28432,2656275,1165380,Tous vaccins,41342,75039,116381,46384
1,2021-02-21,2115,6290,2403377,1148765,Pfizer/BioNTech,28230,71725,99955,8405
2,2021-02-21,197,87,139558,22992,Moderna,3527,3197,6724,284
3,2021-02-21,540,0,116192,0,AstraZeneca,9338,0,9338,540
4,2021-02-21,0,0,0,0,Janssen,0,0,0,0
0,2021-02-21,2852,6377,2659127,1171757,Tous vaccins,41096,74922,116018,9229
1,2021-02-22,24014,69418,2427391,1218183,Pfizer/BioNTech,28296,71149,99445,93432
2,2021-02-22,3513,3725,143071,26717,Moderna,3550,3291,6841,7238
3,2021-02-22,8890,0,125082,0,AstraZeneca,9166,0,9166,8890
4,2021-02-22,0,0,0,0,Janssen,0,0,0,0
0,2021-02-22,36417,73143,2695544,1244900,Tous vaccins,41011,74441,115452,109560
1,2021-02-23,36597,80454,2463988,1298637,Pfizer/BioNTech,28937,68802,97739,117051
2,2021-02-23,4802,3694,147873,30411,Moderna,3536,3265,6801,8496
3,2021-02-23,11063,0,136145,0,AstraZeneca,9010,0,9010,11063
4,2021-02-23,0,0,0,0,Janssen,0,0,0,0
0,2021-02-23,52462,84148,2748006,1329048,Tous vaccins,41484,72066,113550,136610
1,2021-02-24,39339,77670,2503327,1376307,Pfizer/BioNTech,29648,65814,95462,117009
2,2021-02-24,4743,3483,152616,33894,Moderna,3628,3133,6761,8226
3,2021-02-24,13853,0,149998,0,AstraZeneca,9445,0,9445,13853
4,2021-02-24,0,0,0,0,Janssen,0,0,0,0
0,2021-02-24,57935,81153,2805941,1410201,Tous vaccins,42721,68947,111668,139088
1,2021-02-25,48869,88001,2552196,1464308,Pfizer/BioNTech,29764,62170,91934,136870
2,2021-02-25,5290,3427,157906,37321,Moderna,3636,2893,6529,8717
3,2021-02-25,44258,0,194256,0,AstraZeneca,13693,0,13693,44258
4,2021-02-25,0,0,0,0,Janssen,0,0,0,0
0,2021-02-25,98417,91428,2904358,1501629,Tous vaccins,47094,65064,112158,189845
1,2021-02-26,46059,67893,2598255,1532201,Pfizer/BioNTech,30001,59521,89522,113952
2,2021-02-26,4193,3149,162099,40470,Moderna,3500,2725,6225,7342
3,2021-02-26,61264,0,255520,0,AstraZeneca,20434,0,20434,61264
4,2021-02-26,0,0,0,0,Janssen,0,0,0,0
0,2021-02-26,111516,71042,3015874,1572671,Tous vaccins,53936,62246,116182,182558
1,2021-02-27,15172,20929,2613427,1553130,Pfizer/BioNTech,30309,58665,88974,36101
2,2021-02-27,1500,1042,163599,41512,Moderna,3463,2658,6121,2542
3,2021-02-27,34378,8,289898,8,AstraZeneca,24892,1,24893,34386
4,2021-02-27,0,0,0,0,Janssen,0,0,0,0
0,2021-02-27,51050,21979,3066924,1594650,Tous vaccins,58664,61324,119988,73029
1,2021-02-28,3229,4386,2616656,1557516,Pfizer/BioNTech,30468,58393,88861,7615
2,2021-02-28,99,28,163698,41540,Moderna,3449,2650,6099,127
3,2021-02-28,2331,0,292229,8,AstraZeneca,25148,1,25149,2331
4,2021-02-28,0,0,0,0,Janssen,0,0,0,0
0,2021-02-28,5659,4414,3072583,1599064,Tous vaccins,59065,61044,120109,10073
1,2021-03-01,38684,49040,2655340,1606556,Pfizer/BioNTech,32564,55482,88046,87724
2,2021-03-01,4956,3764,168654,45304,Moderna,3655,2655,6310,8720
3,2021-03-01,19777,11,312006,19,AstraZeneca,26703,3,26706,19788
4,2021-03-01,0,0,0,0,Janssen,0,0,0,0
0,2021-03-01,63417,52815,3136000,1651879,Tous vaccins,62922,58140,121062,116232
1,2021-03-02,54611,61542,2709951,1668098,Pfizer/BioNTech,35138,52780,87918,116153
2,2021-03-02,6301,4728,174955,50032,Moderna,3869,2803,6672,11029
3,2021-03-02,38193,13,350199,32,AstraZeneca,30579,5,30584,38206
4,2021-03-02,0,0,0,0,Janssen,0,0,0,0
0,2021-03-02,99105,66283,3235105,1718162,Tous vaccins,69586,55588,125174,165388
1,2021-03-03,59417,60660,2769368,1728758,Pfizer/BioNTech,38006,50350,88356,120077
2,2021-03-03,6239,4883,181194,54915,Moderna,4083,3003,7086,11122
3,2021-03-03,47526,17,397725,49,AstraZeneca,35390,7,35397,47543
4,2021-03-03,0,0,0,0,Janssen,0,0,0,0
0,2021-03-03,113182,65560,3348287,1783722,Tous vaccins,77478,53360,130838,178742
1,2021-03-04,70996,64908,2840364,1793666,Pfizer/BioNTech,41167,47051,88218,135904
2,2021-03-04,8067,3967,189261,58882,Moderna,4479,3080,7559,12034
3,2021-03-04,80582,20,478307,69,AstraZeneca,40579,10,40589,80602
4,2021-03-04,0,0,0,0,Janssen,0,0,0,0
0,2021-03-04,159645,68895,3507932,1852617,Tous vaccins,86225,50141,136366,228540
1,2021-03-05,73083,59280,2913447,1852946,Pfizer/BioNTech,45027,45821,90848,132363
2,2021-03-05,7765,4059,197026,62941,Moderna,4990,3210,8200,11824
3,2021-03-05,116180,61,594487,130,AstraZeneca,48424,19,48443,116241
4,2021-03-05,0,0,0,0,Janssen,0,0,0,0
0,2021-03-05,197028,63400,3704960,1916017,Tous vaccins,98441,49049,147490,260428
1,2021-03-06,81289,16091,2994736,1869037,Pfizer/BioNTech,54473,45130,99603,97380
2,2021-03-06,4620,1682,201646,64623,Moderna,5435,3302,8737,6302
3,2021-03-06,117754,52,712241,182,AstraZeneca,60335,25,60360,117806
4,2021-03-06,0,0,0,0,Janssen,0,0,0,0
0,2021-03-06,203663,17825,3908623,1933842,Tous vaccins,120243,48456,168699,221488
1,2021-03-07,62959,5422,3057695,1874459,Pfizer/BioNTech,63006,45278,108284,68381
2,2021-03-07,2283,29,203929,64652,Moderna,5747,3302,9049,2312
3,2021-03-07,54057,29,766298,211,AstraZeneca,67724,29,67753,54086
4,2021-03-07,0,0,0,0,Janssen,0,0,0,0
0,2021-03-07,119299,5480,4027922,1939322,Tous vaccins,136477,48608,185085,124779
1,2021-03-08,58676,42479,3116371,1916938,Pfizer/BioNTech,65862,44340,110202,101155
2,2021-03-08,3978,8309,207907,72961,Moderna,5608,3951,9559,12287
3,2021-03-08,41708,24,808006,235,AstraZeneca,70857,31,70888,41732
4,2021-03-08,0,0,0,0,Janssen,0,0,0,0
0,2021-03-08,104362,50812,4132284,1990134,Tous vaccins,142326,48322,190648,155174
1,2021-03-09,84326,48323,3200697,1965261,Pfizer/BioNTech,70107,42452,112559,132649
2,2021-03-09,7264,8430,215171,81391,Moderna,5745,4480,10225,15694
3,2021-03-09,77370,30,885376,265,AstraZeneca,76454,33,76487,77400
4,2021-03-09,0,0,0,0,Janssen,0,0,0,0
0,2021-03-09,168960,56783,4301244,2046917,Tous vaccins,152306,46965,199271,225743
1,2021-03-10,88892,48067,3289589,2013328,Pfizer/BioNTech,74317,40653,114970,136959
2,2021-03-10,6854,9113,222025,90504,Moderna,5833,5084,10917,15967
3,2021-03-10,79172,42,964548,307,AstraZeneca,80975,37,81012,79214
4,2021-03-10,0,0,0,0,Janssen,0,0,0,0
0,2021-03-10,174918,57222,4476162,2104139,Tous vaccins,161125,45774,206899,232140
1,2021-03-11,103116,53882,3392705,2067210,Pfizer/BioNTech,78906,39078,117984,156998
2,2021-03-11,9049,9209,231074,99713,Moderna,5973,5833,11806,18258
3,2021-03-11,126222,50,1090770,357,AstraZeneca,87495,41,87536,126272
4,2021-03-11,0,0,0,0,Janssen,0,0,0,0
0,2021-03-11,238387,63141,4714549,2167280,Tous vaccins,172374,44952,217326,301528
1,2021-03-12,102048,45278,3494753,2112488,Pfizer/BioNTech,83044,37077,120121,147326
2,2021-03-12,7708,8174,238782,107887,Moderna,5965,6421,12386,15882
3,2021-03-12,180016,71,1270786,428,AstraZeneca,96614,43,96657,180087
4,2021-03-12,0,0,0,0,Janssen,0,0,0,0
0,2021-03-12,289772,53523,5004321,2220803,Tous vaccins,185623,43541,229164,343295
1,2021-03-13,87495,12729,3582248,2125217,Pfizer/BioNTech,83930,36597,120527,100224
2,2021-03-13,9865,2510,248647,110397,Moderna,6714,6539,13253,12375
3,2021-03-13,129955,53,1400741,481,AstraZeneca,98357,43,98400,130008
4,2021-03-13,0,0,0,0,Janssen,0,0,0,0
0,2021-03-13,227315,15292,5231636,2236095,Tous vaccins,189002,43179,232181,242607
1,2021-03-14,43626,3031,3625874,2128248,Pfizer/BioNTech,81168,36256,117424,46657
2,2021-03-14,4753,400,253400,110797,Moderna,7067,6592,13659,5153
3,2021-03-14,13637,6,1414378,487,AstraZeneca,92583,39,92622,13643
4,2021-03-14,0,0,0,0,Janssen,0,0,0,0
0,2021-03-14,62016,3437,5293652,2239532,Tous vaccins,180819,42887,223706,65453
1,2021-03-15,93719,29168,3719593,2157416,Pfizer/BioNTech,86175,34354,120529,122887
2,2021-03-15,10629,3482,264029,114279,Moderna,8017,5903,13920,14111
3,2021-03-15,50986,41,1465364,528,AstraZeneca,93908,42,93950,51027
4,2021-03-15,0,0,0,0,Janssen,0,0,0,0
0,2021-03-15,155334,32691,5448986,2272223,Tous vaccins,188100,40298,228398,188025
1,2021-03-16,121814,34919,3841407,2192335,Pfizer/BioNTech,91530,32439,123969,156733
2,2021-03-16,16434,4621,280463,118900,Moderna,9327,5358,14685,21055
3,2021-03-16,876,14,1466240,542,AstraZeneca,82981,40,83021,890
4,2021-03-16,0,0,0,0,Janssen,0,0,0,0
0,2021-03-16,139124,39554,5588110,2311777,Tous vaccins,183838,37837,221675,178678
1,2021-03-17,127325,34884,3968732,2227219,Pfizer/BioNTech,97020,30556,127576,162209
2,2021-03-17,19904,3952,300367,122852,Moderna,11192,4621,15813,23856
3,2021-03-17,590,6,1466830,548,AstraZeneca,71755,34,71789,596
4,2021-03-17,0,0,0,0,Janssen,0,0,0,0
0,2021-03-17,147819,38842,5735929,2350619,Tous vaccins,179967,35211,215178,186661
1,2021-03-18,140699,39755,4109431,2266974,Pfizer/BioNTech,102389,28538,130927,180454
2,2021-03-18,22942,4911,323309,127763,Moderna,13176,4007,17183,27853
3,2021-03-18,1149,4,1467979,552,AstraZeneca,53887,28,53915,1153
4,2021-03-18,0,0,0,0,Janssen,0,0,0,0
0,2021-03-18,164790,44670,5900719,2395289,Tous vaccins,169453,32573,202026,209460
1,2021-03-19,134098,32918,4243529,2299892,Pfizer/BioNTech,106968,26772,133740,167016
2,2021-03-19,22881,4537,346190,132300,Moderna,15344,3488,18832,27418
3,2021-03-19,69076,38,1537055,590,AstraZeneca,38038,23,38061,69114
4,2021-03-19,0,0,0,0,Janssen,0,0,0,0
0,2021-03-19,226055,37493,6126774,2432782,Tous vaccins,160350,30283,190633,263548
1,2021-03-20,74888,10211,4318417,2310103,Pfizer/BioNTech,105167,26412,131579,85099
2,2021-03-20,25140,1540,371330,133840,Moderna,17526,3349,20875,26680
3,2021-03-20,64140,36,1601195,626,AstraZeneca,28636,21,28657,64176
4,2021-03-20,0,0,0,0,Janssen,0,0,0,0
0,2021-03-20,164168,11787,6290942,2444569,Tous vaccins,151329,29782,181111,175955
1,2021-03-21,25767,2476,4344184,2312579,Pfizer/BioNTech,102616,26333,128949,28243
2,2021-03-21,17467,147,388797,133987,Moderna,19342,3313,22655,17614
3,2021-03-21,5468,5,1606663,631,AstraZeneca,27469,21,27490,5473
4,2021-03-21,0,0,0,0,Janssen,0,0,0,0
0,2021-03-21,48702,2628,6339644,2447197,Tous vaccins,149427,29666,179093,51330
1,2021-03-22,112827,31190,4457011,2343769,Pfizer/BioNTech,105345,26622,131967,144017
2,2021-03-22,17380,3080,406177,137067,Moderna,20307,3255,23562,20460
3,2021-03-22,36534,33,1643197,664,AstraZeneca,25405,19,25424,36567
4,2021-03-22,0,0,0,0,Janssen,0,0,0,0
0,2021-03-22,166741,34303,6506385,2481500,Tous vaccins,151057,29897,180954,201044
1,2021-03-23,140681,38180,4597692,2381949,Pfizer/BioNTech,108041,27088,135129,178861
2,2021-03-23,22258,4183,428435,141250,Moderna,21139,3193,24332,26441
3,2021-03-23,83249,50,1726446,714,AstraZeneca,37172,25,37197,83299
4,2021-03-23,0,0,0,0,Janssen,0,0,0,0
0,2021-03-23,246188,42413,6752573,2523913,Tous vaccins,166352,30305,196657,288601
1,2021-03-24,139765,38793,4737457,2420742,Pfizer/BioNTech,109818,27646,137464,178558
2,2021-03-24,23537,4989,451972,146239,Moderna,21658,3341,24999,28526
3,2021-03-24,89478,91,1815924,805,AstraZeneca,49871,37,49908,89569
4,2021-03-24,0,0,0,0,Janssen,0,0,0,0
0,2021-03-24,252780,43873,7005353,2567786,Tous vaccins,181346,31024,212370,296653
1,2021-03-25,162558,39633,4900015,2460375,Pfizer/BioNTech,112941,27629,140570,202191
2,2021-03-25,26258,5020,478230,151259,Moderna,22132,3357,25489,31278
3,2021-03-25,147920,114,1963844,919,AstraZeneca,70838,52,70890,148034
4,2021-03-25,0,0,0,0,Janssen,0,0,0,0
0,2021-03-25,336736,44767,7342089,2612553,Tous vaccins,205910,31038,236948,381503
1,2021-03-26,163980,37504,5063995,2497879,Pfizer/BioNTech,117209,28284,145493,201484
2,2021-03-26,26576,4260,504806,155519,Moderna,22659,3317,25976,30836
3,2021-03-26,163245,156,2127089,1075,AstraZeneca,84291,69,84360,163401
4,2021-03-26,0,0,0,0,Janssen,0,0,0,0
0,2021-03-26,353801,41920,7695890,2654473,Tous vaccins,224159,31670,255829,395721
1,2021-03-27,109781,15261,5173776,2513140,Pfizer/BioNTech,122194,29005,151199,125042
2,2021-03-27,15633,1309,520439,156828,Moderna,21301,3284,24585,16942
3,2021-03-27,67080,88,2194169,1163,AstraZeneca,84711,77,84788,67168
4,2021-03-27,0,0,0,0,Janssen,0,0,0,0
0,2021-03-27,192494,16658,7888384,2671131,Tous vaccins,228206,32366,260572,209152
1,2021-03-28,41712,3624,5215488,2516764,Pfizer/BioNTech,124472,29169,153641,45336
2,2021-03-28,10391,94,530830,156922,Moderna,20290,3276,23566,10485
3,2021-03-28,6150,19,2200319,1182,AstraZeneca,84808,79,84887,6169
4,2021-03-28,0,0,0,0,Janssen,0,0,0,0
0,2021-03-28,58253,3737,7946637,2674868,Tous vaccins,229570,32524,262094,61990
1,2021-03-29,128177,49979,5343665,2566743,Pfizer/BioNTech,126665,31853,158518,178156
2,2021-03-29,18624,4280,549454,161202,Moderna,20468,3448,23916,22904
3,2021-03-29,53235,61,2253554,1243,AstraZeneca,87194,83,87277,53296
4,2021-03-29,0,0,0,0,Janssen,0,0,0,0
0,2021-03-29,200036,54320,8146673,2729188,Tous vaccins,234327,35384,269711,254356
1,2021-03-30,165365,63597,5509030,2630340,Pfizer/BioNTech,130191,35484,165675,228962
2,2021-03-30,24158,6002,573612,167204,Moderna,20740,3708,24448,30160
3,2021-03-30,91871,88,2345425,1331,AstraZeneca,88426,88,88514,91959
4,2021-03-30,0,0,0,0,Janssen,0,0,0,0
0,2021-03-30,281394,69687,8428067,2798875,Tous vaccins,239356,39280,278636,351081
1,2021-03-31,168526,66913,5677556,2697253,Pfizer/BioNTech,134300,39502,173802,235439
2,2021-03-31,28078,5957,601690,173161,Moderna,21388,3846,25234,34035
3,2021-03-31,62258,82,2407683,1413,AstraZeneca,84537,87,84624,62340
4,2021-03-31,0,0,0,0,Janssen,0,0,0,0
0,2021-03-31,258862,72952,8686929,2871827,Tous vaccins,240225,43434,283659,331814
1,2021-04-01,190769,79261,5868325,2776514,Pfizer/BioNTech,138330,45163,183493,270030
2,2021-04-01,33896,8496,635586,181657,Moderna,22479,4343,26822,42392
3,2021-04-01,84533,104,2492216,1517,AstraZeneca,75482,85,75567,84637
4,2021-04-01,0,0,0,0,Janssen,0,0,0,0
0,2021-04-01,309198,87861,8996127,2959688,Tous vaccins,236291,49591,285882,397059
1,2021-04-02,162055,84326,6030380,2860840,Pfizer/BioNTech,138055,51852,189907,246381
2,2021-04-02,29393,7663,664979,189320,Moderna,22882,4829,27711,37056
3,2021-04-02,85625,148,2577841,1665,AstraZeneca,64393,84,64477,85773
4,2021-04-02,0,0,0,0,Janssen,0,0,0,0
0,2021-04-02,277073,92137,9273200,3051825,Tous vaccins,225330,56765,282095,369210
1,2021-04-03,87057,58188,6117437,2919028,Pfizer/BioNTech,134809,57984,192793,145245
2,2021-04-03,16722,3582,681701,192902,Moderna,23037,5153,28190,20304
3,2021-04-03,35164,109,2613005,1774,AstraZeneca,59834,87,59921,35273
4,2021-04-03,0,0,0,0,Janssen,0,0,0,0
0,2021-04-03,138943,61879,9412143,3113704,Tous vaccins,217680,63225,280905,200822
1,2021-04-04,32287,17732,6149724,2936760,Pfizer/BioNTech,133462,59999,193461,50019
2,2021-04-04,9156,918,690857,193820,Moderna,22861,5271,28132,10074
3,2021-04-04,3373,16,2616378,1790,AstraZeneca,59437,87,59524,3389
4,2021-04-04,0,0,0,0,Janssen,0,0,0,0
0,2021-04-04,44816,18666,9456959,3132370,Tous vaccins,215760,65357,281117,63482
1,2021-04-05,42380,10177,6192104,2946937,Pfizer/BioNTech,121206,54313,175519,52557
2,2021-04-05,12113,811,702970,194631,Moderna,21931,4776,26707,12924
3,2021-04-05,4205,21,2620583,1811,AstraZeneca,52433,81,52514,4226
4,2021-04-05,0,0,0,0,Janssen,0,0,0,0
0,2021-04-05,58698,11009,9515657,3143379,Tous vaccins,195569,59170,254739,69707
1,2021-04-06,157043,100908,6349147,3047845,Pfizer/BioNTech,120017,59644,179661,257951
2,2021-04-06,26657,6935,729627,201566,Moderna,22288,4909,27197,33592
3,2021-04-06,28846,76,2649429,1887,AstraZeneca,43429,79,43508,28922
4,2021-04-06,0,0,0,0,Janssen,0,0,0,0
0,2021-04-06,212546,107919,9728203,3251298,Tous vaccins,185734,64632,250366,320465
1,2021-04-07,193676,108274,6542823,3156119,Pfizer/BioNTech,123610,65552,189162,301950
2,2021-04-07,30500,7174,760127,208740,Moderna,22634,5083,27717,37674
3,2021-04-07,31483,61,2680912,1948,AstraZeneca,39033,76,39109,31544
4,2021-04-07,0,0,0,0,Janssen,0,0,0,0
0,2021-04-07,255659,115509,9983862,3366807,Tous vaccins,185276,70711,255987,371168
1,2021-04-08,218123,112414,6760946,3268533,Pfizer/BioNTech,127517,70288,197805,330537
2,2021-04-08,36474,8818,796601,217558,Moderna,23002,5129,28131,45292
3,2021-04-08,77416,236,2758328,2184,AstraZeneca,38016,95,38111,77652
4,2021-04-08,0,0,0,0,Janssen,0,0,0,0
0,2021-04-08,332013,121468,10315875,3488275,Tous vaccins,188535,75512,264047,453481
1,2021-04-09,210855,107554,6971801,3376087,Pfizer/BioNTech,134489,73607,208096,318409
2,2021-04-09,33344,8601,829945,226159,Moderna,23567,5263,28830,41945
3,2021-04-09,159679,412,2918007,2596,AstraZeneca,48595,133,48728,160091
4,2021-04-09,0,0,0,0,Janssen,0,0,0,0
0,2021-04-09,403878,116567,10719753,3604842,Tous vaccins,206650,79002,285652,520445
1,2021-04-10,116036,73466,7087837,3449553,Pfizer/BioNTech,138629,75789,214418,189502
2,2021-04-10,19435,8969,849380,235128,Moderna,23954,6032,29986,28404
3,2021-04-10,74376,333,2992383,2929,AstraZeneca,54197,165,54362,74709
4,2021-04-10,0,0,0,0,Janssen,0,0,0,0
0,2021-04-10,209847,82768,10929600,3687610,Tous vaccins,216780,81987,298767,292615
1,2021-04-11,40115,30292,7127952,3479845,Pfizer/BioNTech,139747,77584,217331,70407
2,2021-04-11,7811,4271,857191,239399,Moderna,23762,6511,30273,12082
3,2021-04-11,7008,44,2999391,2973,AstraZeneca,54716,169,54885,7052
4,2021-04-11,0,0,0,0,Janssen,0,0,0,0
0,2021-04-11,54934,34607,10984534,3722217,Tous vaccins,218225,84264,302489,89541
1,2021-04-12,166091,103804,7294043,3583649,Pfizer/BioNTech,157420,90959,248379,269895
2,2021-04-12,16783,11254,873974,250653,Moderna,24429,8003,32432,28037
3,2021-04-12,50496,197,3049887,3170,AstraZeneca,61329,194,61523,50693
4,2021-04-12,0,0,0,0,Janssen,0,0,0,0
0,2021-04-12,233370,115255,11217904,3837472,Tous vaccins,243178,99156,342334,348625
1,2021-04-13,200445,128287,7494488,3711936,Pfizer/BioNTech,163620,94870,258490,328732
2,2021-04-13,19050,16426,893024,267079,Moderna,23342,9359,32701,35476
3,2021-04-13,84984,315,3134871,3485,AstraZeneca,69349,228,69577,85299
4,2021-04-13,0,0,0,0,Janssen,0,0,0,0
0,2021-04-13,304479,145028,11522383,3982500,Tous vaccins,256311,104457,360768,449507
1,2021-04-14,204789,122822,7699277,3834758,Pfizer/BioNTech,165208,96948,262156,327611
2,2021-04-14,17636,16285,910660,283364,Moderna,21505,10661,32166,33921
3,2021-04-14,66455,342,3201326,3827,AstraZeneca,74345,268,74613,66797
4,2021-04-14,0,0,0,0,Janssen,0,0,0,0
0,2021-04-14,288880,139449,11811263,4121949,Tous vaccins,261057,107877,368934,428329
1,2021-04-15,217425,126780,7916702,3961538,Pfizer/BioNTech,165108,99001,264109,344205
2,2021-04-15,21817,20791,932477,304155,Moderna,19411,12371,31782,42608
3,2021-04-15,91582,369,3292908,4196,AstraZeneca,76369,287,76656,91951
4,2021-04-15,0,0,0,0,Janssen,0,0,0,0
0,2021-04-15,330824,147940,12142087,4269889,Tous vaccins,260887,111659,372546,478764
1,2021-04-16,202407,125163,8119109,4086701,Pfizer/BioNTech,163901,101516,265417,327570
2,2021-04-16,20319,20076,952796,324231,Moderna,17550,14010,31560,40395
3,2021-04-16,110936,574,3403844,4770,AstraZeneca,69405,311,69716,111510
4,2021-04-16,0,0,0,0,Janssen,0,0,0,0
0,2021-04-16,333662,145813,12475749,4415702,Tous vaccins,250857,115837,366694,479475
1,2021-04-17,120431,67485,8239540,4154186,Pfizer/BioNTech,164529,100662,265191,187916
2,2021-04-17,13013,22463,965809,346694,Moderna,16633,15938,32571,35476
3,2021-04-17,52166,337,3456010,5107,AstraZeneca,66232,311,66543,52503
4,2021-04-17,0,0,0,0,Janssen,0,0,0,0
0,2021-04-17,185610,90285,12661359,4505987,Tous vaccins,247394,116911,364305,275895
1,2021-04-18,35124,20993,8274664,4175179,Pfizer/BioNTech,163816,99333,263149,56117
2,2021-04-18,5772,14405,971581,361099,Moderna,16341,17386,33727,20177
3,2021-04-18,9420,35,3465430,5142,AstraZeneca,66577,310,66887,9455
4,2021-04-18,0,0,0,0,Janssen,0,0,0,0
0,2021-04-18,50316,35433,12711675,4541420,Tous vaccins,246734,117029,363763,85749
1,2021-04-19,160840,121985,8435504,4297164,Pfizer/BioNTech,163066,101931,264997,282825
2,2021-04-19,16429,16265,988010,377364,Moderna,16291,18102,34393,32694
3,2021-04-19,24390,239,3489820,5381,AstraZeneca,62848,316,63164,24629
4,2021-04-19,0,0,0,0,Janssen,0,0,0,0
0,2021-04-19,201659,138489,12913334,4679909,Tous vaccins,242204,120348,362552,340148
1,2021-04-20,185527,148832,8621031,4445996,Pfizer/BioNTech,160935,104866,265801,334359
2,2021-04-20,18906,21597,1006916,398961,Moderna,16270,18840,35110,40503
3,2021-04-20,44769,398,3534589,5779,AstraZeneca,57103,328,57431,45167
4,2021-04-20,0,0,0,0,Janssen,0,0,0,0
0,2021-04-20,249202,170827,13162536,4850736,Tous vaccins,234308,124034,358342,420029
1,2021-04-21,190346,146790,8811377,4592786,Pfizer/BioNTech,158871,108290,267161,337136
2,2021-04-21,19573,21667,1026489,420628,Moderna,16547,19609,36156,41240
3,2021-04-21,38010,458,3572599,6237,AstraZeneca,53039,344,53383,38468
4,2021-04-21,0,0,0,0,Janssen,0,0,0,0
0,2021-04-21,247929,168915,13410465,5019651,Tous vaccins,228457,128243,356700,416844
1,2021-04-22,204600,162689,9015977,4755475,Pfizer/BioNTech,157039,113420,270459,367289
2,2021-04-22,23220,24866,1049709,445494,Moderna,16747,20191,36938,48086
3,2021-04-22,53606,793,3626205,7030,AstraZeneca,47614,405,48019,54399
4,2021-04-22,0,0,0,0,Janssen,0,0,0,0
0,2021-04-22,281426,188348,13691891,5207999,Tous vaccins,221401,134016,355417,469774
1,2021-04-23,194761,157065,9210738,4912540,Pfizer/BioNTech,155947,117977,273924,351826
2,2021-04-23,24079,25375,1073788,470869,Moderna,17285,20948,38233,49454
3,2021-04-23,69366,1032,3695571,8062,AstraZeneca,41675,470,42145,70398
4,2021-04-23,618,0,618,0,Janssen,88,0,88,618
0,2021-04-23,288824,183472,13980715,5391471,Tous vaccins,214995,139396,354391,472296
1,2021-04-24,124155,95512,9334893,5008052,Pfizer/BioNTech,156479,121981,278460,219667
2,2021-04-24,24998,15115,1098786,485984,Moderna,18997,19899,38896,40113
3,2021-04-24,36475,985,3732046,9047,AstraZeneca,39434,563,39997,37460
4,2021-04-24,1553,0,2171,0,Janssen,310,0,310,1553
0,2021-04-24,187181,111612,14167896,5503083,Tous vaccins,215220,142442,357662,298793
1,2021-04-25,52324,30135,9387217,5038187,Pfizer/BioNTech,158936,123287,282223,82459
2,2021-04-25,9410,8590,1108196,494574,Moderna,19516,19068,38584,18000
3,2021-04-25,5907,168,3737953,9215,AstraZeneca,38932,582,39514,6075
4,2021-04-25,117,0,2288,0,Janssen,327,0,327,117
0,2021-04-25,67758,38893,14235654,5541976,Tous vaccins,217711,142937,360648,106651
1,2021-04-26,176508,138304,9563725,5176491,Pfizer/BioNTech,161174,125618,286792,314812
2,2021-04-26,16645,17202,1124841,511776,Moderna,19547,19202,38749,33847
3,2021-04-26,19071,665,3757024,9880,AstraZeneca,38172,643,38815,19736
4,2021-04-26,2826,0,5114,0,Janssen,731,0,731,2826
0,2021-04-26,215050,156171,14450704,5698147,Tous vaccins,219624,145463,365087,371221
1,2021-04-27,217365,162022,9781090,5338513,Pfizer/BioNTech,165723,127502,293225,379387
2,2021-04-27,18920,24311,1143761,536087,Moderna,19549,19589,39138,43231
3,2021-04-27,33679,1245,3790703,11125,AstraZeneca,36588,764,37352,34924
4,2021-04-27,9352,3,14466,3,Janssen,2067,0,2067,9355
0,2021-04-27,279316,187581,14730020,5885728,Tous vaccins,223926,147856,371782,466897
1,2021-04-28,234167,155200,10015257,5493713,Pfizer/BioNTech,171983,128704,300687,389367
2,2021-04-28,21513,26209,1165274,562296,Moderna,19826,20238,40064,47722
3,2021-04-28,28226,1926,3818929,13051,AstraZeneca,35190,973,36163,30152
4,2021-04-28,9750,3,24216,6,Janssen,3459,1,3460,9753
0,2021-04-28,293656,183338,15023676,6069066,Tous vaccins,230459,149916,380375,476994
1,2021-04-29,265035,160168,10280292,5653881,Pfizer/BioNTech,180616,128344,308960,425203
2,2021-04-29,24818,30139,1190092,592435,Moderna,20055,20992,41047,54957
3,2021-04-29,44493,5959,3863422,19010,AstraZeneca,33888,1711,35599,50452
4,2021-04-29,15860,7,40076,13,Janssen,5725,2,5727,15867
0,2021-04-29,350206,196273,15373882,6265339,Tous vaccins,240284,151049,391333,546479
1,2021-04-30,266837,148239,10547129,5802120,Pfizer/BioNTech,190913,127083,317996,415076
2,2021-04-30,25032,27783,1215124,620218,Moderna,20191,21336,41527,52815
3,2021-04-30,54506,8933,3917928,27943,AstraZeneca,31765,2840,34605,63439
4,2021-04-30,19048,7,59124,20,Janssen,8358,3,8361,19055
0,2021-04-30,365423,184962,15739305,6450301,Tous vaccins,251227,151261,402488,550385
1,2021-05-01,136693,40718,10683822,5842838,Pfizer/BioNTech,192704,119255,311959,177411
2,2021-05-01,14747,9863,1229871,630081,Moderna,18726,20585,39311,24610
3,2021-05-01,9158,1968,3927086,29911,AstraZeneca,27863,2981,30844,11126
4,2021-05-01,1886,5,61010,25,Janssen,8406,4,8410,1891
0,2021-05-01,162484,52554,15901789,6502855,Tous vaccins,247699,142825,390524,215038
1,2021-05-02,79594,28165,10763416,5871003,Pfizer/BioNTech,196600,118974,315574,107759
2,2021-05-02,6477,9184,1236348,639265,Moderna,18307,20670,38977,15661
3,2021-05-02,2800,501,3929886,30412,AstraZeneca,27419,3028,30447,3301
4,2021-05-02,437,0,61447,25,Janssen,8451,4,8455,437
0,2021-05-02,89308,37850,15991097,6540705,Tous vaccins,250778,142676,393454,127158
1,2021-05-03,244697,146613,11008113,6017616,Pfizer/BioNTech,206341,120161,326502,391310
2,2021-05-03,19018,19328,1255366,658593,Moderna,18646,20974,39620,38346
3,2021-05-03,12489,3887,3942375,34299,AstraZeneca,26479,3488,29967,16376
4,2021-05-03,4903,1,66350,26,Janssen,8748,4,8752,4904
0,2021-05-03,281107,169829,16272204,6710534,Tous vaccins,260214,144627,404841,450936
1,2021-05-04,259189,186895,11267302,6204511,Pfizer/BioNTech,212316,123714,336030,446084
2,2021-05-04,17880,29056,1273246,687649,Moderna,18498,21652,40150,46936
3,2021-05-04,22388,8456,3964763,42755,AstraZeneca,24866,4519,29385,30844
4,2021-05-04,8243,8,74593,34,Janssen,8590,4,8594,8251
0,2021-05-04,307700,224415,16579904,6934949,Tous vaccins,264269,149889,414158,532115
1,2021-05-05,275575,184720,11542877,6389231,Pfizer/BioNTech,218231,127931,346162,460295
2,2021-05-05,17891,29417,1291137,717066,Moderna,17980,22110,40090,47308
3,2021-05-05,18015,10573,3982778,53328,AstraZeneca,23407,5754,29161,28588
4,2021-05-05,5993,7,80586,41,Janssen,8053,5,8058,6000
0,2021-05-05,317474,224717,16897378,7159666,Tous vaccins,267672,155800,423472,542191
1,2021-05-06,302576,183234,11845453,6572465,Pfizer/BioNTech,223594,131226,354820,485810
2,2021-05-06,23095,35298,1314232,752364,Moderna,17734,22847,40581,58393
3,2021-05-06,33847,20907,4016625,74235,AstraZeneca,21886,7889,29775,54754
4,2021-05-06,11244,11,91830,52,Janssen,7393,6,7399,11255
0,2021-05-06,370762,239450,17268140,7399116,Tous vaccins,270608,161968,432576,610212
1,2021-05-07,278180,196130,12123633,6768595,Pfizer/BioNTech,225215,138068,363283,474310
2,2021-05-07,23609,33255,1337841,785619,Moderna,17531,23629,41160,56864
3,2021-05-07,43279,28414,4059904,102649,AstraZeneca,20282,10672,30954,71693
4,2021-05-07,18886,8,110716,60,Janssen,7370,6,7376,18894
0,2021-05-07,363954,257807,17632094,7656923,Tous vaccins,270398,172375,442773,621761
1,2021-05-08,176907,48503,12300540,6817098,Pfizer/BioNTech,230960,139180,370140,225410
2,2021-05-08,19829,9715,1357670,795334,Moderna,18257,23608,41865,29544
3,2021-05-08,6308,8915,4066212,111564,AstraZeneca,19875,11665,31540,15223
4,2021-05-08,2246,4,112962,64,Janssen,7422,6,7428,2250
0,2021-05-08,205290,67137,17837384,7724060,Tous vaccins,276514,174458,450972,272427
1,2021-05-09,112242,36236,12412782,6853334,Pfizer/BioNTech,235624,140333,375957,148478
2,2021-05-09,12896,7894,1370566,803228,Moderna,19174,23423,42597,20790
3,2021-05-09,1560,2656,4067772,114220,AstraZeneca,19698,11973,31671,4216
4,2021-05-09,627,2,113589,66,Janssen,7449,6,7455,629
0,2021-05-09,127325,46788,17964709,7770848,Tous vaccins,281945,175735,457680,174113
1,2021-05-10,247412,194470,12660194,7047804,Pfizer/BioNTech,236012,147170,383182,441882
2,2021-05-10,32181,22234,1402747,825462,Moderna,21054,23838,44892,54415
3,2021-05-10,14366,12563,4082138,126783,AstraZeneca,19966,13212,33178,26929
4,2021-05-10,7052,12,120641,78,Janssen,7756,7,7763,7064
0,2021-05-10,301011,229279,18265720,8000127,Tous vaccins,284788,184228,469016,530290
1,2021-05-11,310788,211547,12970982,7259351,Pfizer/BioNTech,243383,150691,394074,522335
2,2021-05-11,42376,21080,1445123,846542,Moderna,24554,22699,47253,63456
3,2021-05-11,26328,25751,4108466,152534,AstraZeneca,20529,15683,36212,52079
4,2021-05-11,14077,12,134718,90,Janssen,8589,8,8597,14089
0,2021-05-11,393569,258390,18659289,8258517,Tous vaccins,297055,189081,486136,651959
1,2021-05-12,343365,186151,13314347,7445502,Pfizer/BioNTech,253067,150896,403963,529516
2,2021-05-12,47735,19907,1492858,866449,Moderna,28817,21340,50157,67642
3,2021-05-12,16640,27478,4125106,180012,AstraZeneca,20333,18098,38431,44118
4,2021-05-12,9923,14,144641,104,Janssen,9151,9,9160,9937
0,2021-05-12,417663,233550,19076952,8492067,Tous vaccins,311368,190343,501711,651213
1,2021-05-13,274031,47716,13588378,7493218,Pfizer/BioNTech,248989,131536,380525,321747
2,2021-05-13,50446,5772,1543304,872221,Moderna,32725,17122,49847,56218
3,2021-05-13,1985,3487,4127091,183499,AstraZeneca,15781,15609,31390,5472
4,2021-05-13,1435,3,146076,107,Janssen,7749,8,7757,1438
0,2021-05-13,327897,56978,19404849,8549045,Tous vaccins,305244,164276,469520,384875
1,2021-05-14,358561,128997,13946939,7622215,Pfizer/BioNTech,260472,121946,382418,487558
2,2021-05-14,60403,12958,1603707,885179,Moderna,37981,14223,52204,73361
3,2021-05-14,14004,25751,4141095,209250,AstraZeneca,11599,15229,26828,39755
4,2021-05-14,7555,8,153631,115,Janssen,6131,8,6139,7563
0,2021-05-14,440523,167714,19845372,8716759,Tous vaccins,316183,151405,467588,608237
1,2021-05-15,286856,66177,14233795,7688392,Pfizer/BioNTech,276179,124471,400650,353033
2,2021-05-15,65181,7154,1668888,892333,Moderna,44460,13857,58317,72335
3,2021-05-15,6894,20743,4147989,229993,AstraZeneca,11682,16918,28600,27637
4,2021-05-15,3556,9,157187,124,Janssen,6318,9,6327,3565
0,2021-05-15,362487,94083,20207859,8810842,Tous vaccins,338639,155255,493894,456570
1,2021-05-16,155128,15587,14388923,7703979,Pfizer/BioNTech,282306,121521,403827,170715
2,2021-05-16,42934,2575,1711822,894908,Moderna,48751,13097,61848,45509
3,2021-05-16,809,2683,4148798,232676,AstraZeneca,11575,16922,28497,3492
4,2021-05-16,347,1,157534,125,Janssen,6278,8,6286,348
0,2021-05-16,199218,20846,20407077,8831688,Tous vaccins,348910,151549,500459,220064
1,2021-05-17,310784,116798,14699707,7820777,Pfizer/BioNTech,291359,110425,401784,427582
2,2021-05-17,44047,12599,1755869,907507,Moderna,50446,11721,62167,56646
3,2021-05-17,7468,19924,4156266,252600,AstraZeneca,10590,17974,28564,27392
4,2021-05-17,4216,3,161750,128,Janssen,5873,7,5880,4219
0,2021-05-17,366515,149324,20773592,8981012,Tous vaccins,358267,140126,498393,515839
1,2021-05-18,369110,111531,15068817,7932308,Pfizer/BioNTech,299691,96137,395828,480641
2,2021-05-18,52345,12279,1808214,919786,Moderna,51870,10463,62333,64624
3,2021-05-18,12840,29672,4169106,282272,AstraZeneca,8663,18534,27197,42512
4,2021-05-18,8429,10,170179,138,Janssen,5066,7,5073,8439
0,2021-05-18,442724,153492,21216316,9134504,Tous vaccins,365290,125141,490431,596216
1,2021-05-19,384326,103247,15453143,8035555,Pfizer/BioNTech,305542,84293,389835,487573
2,2021-05-19,55193,10654,1863407,930440,Moderna,52936,9142,62078,65847
3,2021-05-19,8754,31892,4177860,314164,AstraZeneca,7536,19165,26701,40646
4,2021-05-19,5465,5,175644,143,Janssen,4429,6,4435,5470
0,2021-05-19,453738,145798,21670054,9280302,Tous vaccins,370443,112605,483048,599536
1,2021-05-20,408617,96629,15861760,8132184,Pfizer/BioNTech,324769,91281,416050,505246
2,2021-05-20,62348,10916,1925755,941356,Moderna,54636,9876,64512,73264
3,2021-05-20,12185,53292,4190045,367456,AstraZeneca,8993,26280,35273,65477
4,2021-05-20,9128,7,184772,150,Janssen,5528,6,5534,9135
0,2021-05-20,492278,160844,22162332,9441146,Tous vaccins,393926,127443,521369,653122
1,2021-05-21,387423,97675,16249183,8229859,Pfizer/BioNTech,328892,86806,415698,485098
2,2021-05-21,62164,11732,1987919,953088,Moderna,54887,9701,64588,73896
3,2021-05-21,12141,65643,4202186,433099,AstraZeneca,8727,31978,40705,77784
4,2021-05-21,12408,25,197180,175,Janssen,6221,9,6230,12433
0,2021-05-21,474136,175075,22636468,9616221,Tous vaccins,398728,128495,527223,649211
1,2021-05-22,269813,42193,16518996,8272052,Pfizer/BioNTech,326457,83380,409837,312006
2,2021-05-22,60711,4527,2048630,957615,Moderna,54249,9326,63575,65238
3,2021-05-22,4612,33365,4206798,466464,AstraZeneca,8401,33782,42183,37977
4,2021-05-22,4875,13,202055,188,Janssen,6410,9,6419,4888
0,2021-05-22,340011,80098,22976479,9696319,Tous vaccins,395517,126497,522014,420109
1,2021-05-23,120531,11250,16639527,8283302,Pfizer/BioNTech,321515,82760,404275,131781
2,2021-05-23,36907,577,2085537,958192,Moderna,53388,9041,62429,37484
3,2021-05-23,523,2681,4207321,469145,AstraZeneca,8360,33781,42141,3204
4,2021-05-23,413,2,202468,190,Janssen,6419,9,6428,415
0,2021-05-23,158374,14510,23134853,9710829,Tous vaccins,389682,125592,515274,172884
1,2021-05-24,237987,26398,16877514,8309700,Pfizer/BioNTech,311115,69846,380961,264385
2,2021-05-24,16815,2033,2102352,960225,Moderna,49498,7531,57029,18848
3,2021-05-24,565,4922,4207886,474067,AstraZeneca,7374,31638,39012,5487
4,2021-05-24,906,3,203374,193,Janssen,5946,9,5955,909
0,2021-05-24,256273,33356,23391126,9744185,Tous vaccins,373933,109025,482958,289629
1,2021-05-25,355783,132445,17233297,8442145,Pfizer/BioNTech,309211,72834,382045,488228
2,2021-05-25,20384,12318,2122736,972543,Moderna,44932,7537,52469,32702
3,2021-05-25,4735,45458,4212621,519525,AstraZeneca,6216,33893,40109,50193
4,2021-05-25,7251,16,210625,209,Janssen,5778,10,5788,7267
0,2021-05-25,388153,190237,23779279,9934422,Tous vaccins,366138,114274,480412,578390
1,2021-05-26,361295,128990,17594592,8571135,Pfizer/BioNTech,305921,76511,382432,490285
2,2021-05-26,18216,11709,2140952,984252,Moderna,39649,7687,47336,29925
3,2021-05-26,4462,51717,4217083,571242,AstraZeneca,5603,36725,42328,56179
4,2021-05-26,7323,12,217948,221,Janssen,6043,11,6054,7335
0,2021-05-26,391296,192428,24170575,10126850,Tous vaccins,357217,120935,478152,583724
1,2021-05-27,391536,121207,17986128,8692342,Pfizer/BioNTech,303481,80023,383504,512743
2,2021-05-27,22010,11963,2162962,996215,Moderna,33887,7837,41724,33973
3,2021-05-27,5718,76513,4222801,647755,AstraZeneca,4679,40043,44722,82231
4,2021-05-27,13575,35,231523,256,Janssen,6679,15,6694,13610
0,2021-05-27,432839,209718,24603414,10336568,Tous vaccins,348726,127917,476643,642557
